{"Time (UTC)": "2019-02-04 21:50:17", "Site": "Undefined", "Import": {"File Name": "*", "Folder Name": "../data/", "Head Row": [5, 5, 0], "Index Col": 0, "Convert Col": true, "Concat Files": false, "Save File": false, "Saved File": ""}, "Clean": {"Rename Col": ["OAT", "RelHum_Avg", "CHW_Elec", "Elec", "Gas", "HW_Heat"], "Drop Col": "Elec", "Resample": true, "Frequency": "h", "Resampler": "max", "Interpolate": true, "Limit": 1, "Method": "linear", "Remove NA": true, "Remove NA How": "any", "Remove Outliers": true, "SD Val": 3, "Remove Out of Bounds": true, "Low Bound": 0, "High Bound": 9998, "Save File": false, "Saved File": ""}, "Preprocess": {"HDH CPoint": 65, "CDH CPoint": 65, "HDH CDH Calc Col": null, "Col Degree": null, "Degree": null, "Standardize": false, "Normalize": true, "Year": false, "Month": false, "Week": true, "Time of Day": true, "Day of Week": false, "Save File": false, "Saved File": ""}, "Model": {"Independent Col": null, "Dependent Col": "HW_Heat", "Projection Independent Col": null, "Baseline Period": ["2014-01", "2014-12"], "Projection Period": ["2015-01", "2015-12", "2016-01", "2016-12"], "Exclude Time Period": [], "Alphas": [0.0001, 0.0017782794100389228, 0.03162277660168379, 0.5623413251903491, 10.0], "CV": 5, "Plot": true, "Fig Size": [18, 5], "All Model's Metrics": {"Linear Regression": {"R2": 0.8602914457519049, "Adj R2": 0.8578250824478603}, "Lasso Regression": {"R2": 0.8460717059738043, "Adj R2": 0.8433543126267498}, "Ridge Regression": {"R2": 0.8598268654800417, "Adj R2": 0.8573523006471754}, "ElasticNet Regression": {"R2": 0.8506929132465014, "Adj R2": 0.8480571009887301}, "Random Forest Regressor": {"R2": 0.9907974024417706, "Adj R2": 0.9906349431776141}, "Artificial Neural Network": {"R2": 0.8599398064570177, "Adj R2": 0.8574672354425159}}, "Custom Model's Metrics": {"r2": 0.8656750051774964, "mse": 0.005643386271018084, "rmse": 0.07512247513905598, "adj_r2": 0.8633036812465517}, "Optimal Model's Metrics": {"name": "Random Forest Regressor", "r2": 0.9986275095308679, "mse": 5.7662342595568455e-05, "rmse": 0.0075935724527766545, "adj_r2": 0.9986032800901837, "nmbe": -0.0002857218554427674, "mape": 2.2746247311877554}}, "Energy Savings (%)": -0.2774148106821628, "Energy Savings (absolute)": -4.269579989172838, "Uncertainity": 4.082493350530209}